{"cameraMode":{"drawMode":0,"name":"Shaded","section":"Shading Mode"},"sceneLighting":false,"audioPlay":false,"sceneViewState":{"m_AlwaysRefresh":false,"showFog":true,"showSkybox":false,"showFlares":true,"showImageEffects":true,"showParticleSystems":true,"showVisualEffectGraphs":true,"m_FxEnabled":true},"in2DMode":false,"pivot":{"x":272.9950866699219,"y":800.6818237304688,"z":-49.9769401550293},"rotation":{"x":-0.015804525464773179,"y":0.02609262801706791,"z":-0.0004033846780657768,"w":-0.9995951652526856},"size":1680.6717529296875,"orthographic":false}