{"cameraMode":{"drawMode":0,"name":"Shaded","section":"Shading Mode"},"sceneLighting":false,"audioPlay":false,"sceneViewState":{"m_AlwaysRefresh":false,"showFog":true,"showSkybox":false,"showFlares":true,"showImageEffects":true,"showParticleSystems":true,"showVisualEffectGraphs":true,"m_FxEnabled":true},"in2DMode":false,"pivot":{"x":642.4778442382813,"y":447.9338073730469,"z":1.392089605331421},"rotation":{"x":-0.014811281114816666,"y":-0.006903780624270439,"z":0.0001420183398295194,"w":-0.9999622702598572},"size":461.35467529296877,"orthographic":false}