{"cameraMode":{"drawMode":0,"name":"Shaded","section":"Shading Mode"},"sceneLighting":false,"audioPlay":false,"sceneViewState":{"m_AlwaysRefresh":false,"showFog":true,"showSkybox":false,"showFlares":true,"showImageEffects":true,"showParticleSystems":true,"showVisualEffectGraphs":true,"m_FxEnabled":true},"in2DMode":false,"pivot":{"x":304.0971374511719,"y":994.8179321289063,"z":-42.20305252075195},"rotation":{"x":-0.015804525464773179,"y":0.02609262801706791,"z":-0.0004033846780657768,"w":-0.9995951652526856},"size":975.9327392578125,"orthographic":false}