{"cameraMode":{"drawMode":0,"name":"Shaded","section":"Shading Mode"},"sceneLighting":false,"audioPlay":false,"sceneViewState":{"m_AlwaysRefresh":false,"showFog":true,"showSkybox":false,"showFlares":true,"showImageEffects":true,"showParticleSystems":true,"showVisualEffectGraphs":true,"m_FxEnabled":true},"in2DMode":false,"pivot":{"x":644.849365234375,"y":926.5703735351563,"z":7.876993179321289},"rotation":{"x":-0.07573258131742478,"y":-0.013862218707799912,"z":0.0010579233057796956,"w":-0.9970618486404419},"size":1609.6883544921875,"orthographic":false}