{"cameraMode":{"drawMode":0,"name":"Shaded","section":"Shading Mode"},"sceneLighting":false,"audioPlay":false,"sceneViewState":{"m_AlwaysRefresh":false,"showFog":true,"showSkybox":false,"showFlares":true,"showImageEffects":true,"showParticleSystems":true,"showVisualEffectGraphs":true,"m_FxEnabled":true},"in2DMode":false,"pivot":{"x":789.3812866210938,"y":-162.9750518798828,"z":-108.08869171142578},"rotation":{"x":0.002192086074501276,"y":-0.9964715242385864,"z":0.08069725334644318,"w":0.02601354755461216},"size":1093.8052978515625,"orthographic":false}