{"cameraMode":{"drawMode":0,"name":"Shaded","section":"Shading Mode"},"sceneLighting":false,"audioPlay":false,"sceneViewState":{"m_AlwaysRefresh":false,"showFog":true,"showSkybox":false,"showFlares":true,"showImageEffects":true,"showParticleSystems":true,"showVisualEffectGraphs":true,"m_FxEnabled":true},"in2DMode":false,"pivot":{"x":414.1771545410156,"y":844.5755615234375,"z":2.0232362747192385},"rotation":{"x":-0.010809465311467648,"y":0.009097263216972351,"z":-0.00008911234181141481,"w":-0.9999639391899109},"size":1193.22509765625,"orthographic":true}