{"cameraMode":{"drawMode":0,"name":"Shaded","section":"Shading Mode"},"sceneLighting":false,"audioPlay":false,"sceneViewState":{"m_AlwaysRefresh":false,"showFog":true,"showSkybox":false,"showFlares":true,"showImageEffects":true,"showParticleSystems":true,"showVisualEffectGraphs":true,"m_FxEnabled":true},"in2DMode":false,"pivot":{"x":607.0777587890625,"y":1241.069091796875,"z":14.107892990112305},"rotation":{"x":-0.010809465311467648,"y":0.009097263216972351,"z":-0.00008911234181141481,"w":-0.9999639391899109},"size":1724.6278076171875,"orthographic":true}