{"cameraMode":{"drawMode":0,"name":"Shaded","section":"Shading Mode"},"sceneLighting":false,"audioPlay":false,"sceneViewState":{"m_AlwaysRefresh":false,"showFog":true,"showSkybox":false,"showFlares":true,"showImageEffects":true,"showParticleSystems":true,"showVisualEffectGraphs":true,"m_FxEnabled":true},"in2DMode":false,"pivot":{"x":400.9295959472656,"y":1067.24755859375,"z":4.878180980682373},"rotation":{"x":-0.07269322127103806,"y":0.03898593410849571,"z":-0.0028358991257846357,"w":-0.9966253638267517},"size":1360.7103271484375,"orthographic":false}