{"cameraMode":{"drawMode":0,"name":"Shaded","section":"Shading Mode"},"sceneLighting":false,"audioPlay":false,"sceneViewState":{"m_AlwaysRefresh":false,"showFog":true,"showSkybox":false,"showFlares":true,"showImageEffects":true,"showParticleSystems":true,"showVisualEffectGraphs":true,"m_FxEnabled":true},"in2DMode":false,"pivot":{"x":504.64373779296877,"y":1185.2919921875,"z":108.22236633300781},"rotation":{"x":-0.07269322127103806,"y":0.03898593410849571,"z":-0.0028358991257846357,"w":-0.9966253638267517},"size":942.9578247070313,"orthographic":false}