{"cameraMode":{"drawMode":0,"name":"Shaded","section":"Shading Mode"},"sceneLighting":false,"audioPlay":false,"sceneViewState":{"m_AlwaysRefresh":false,"showFog":true,"showSkybox":false,"showFlares":true,"showImageEffects":true,"showParticleSystems":true,"showVisualEffectGraphs":true,"m_FxEnabled":true},"in2DMode":false,"pivot":{"x":425.4417724609375,"y":787.6158447265625,"z":43.51502990722656},"rotation":{"x":-0.07269322127103806,"y":0.03898593410849571,"z":-0.0028358991257846357,"w":-0.9966253638267517},"size":942.9578247070313,"orthographic":false}