{"cameraMode":{"drawMode":0,"name":"Shaded","section":"Shading Mode"},"sceneLighting":false,"audioPlay":false,"sceneViewState":{"m_AlwaysRefresh":false,"showFog":true,"showSkybox":false,"showFlares":true,"showImageEffects":true,"showParticleSystems":true,"showVisualEffectGraphs":true,"m_FxEnabled":true},"in2DMode":false,"pivot":{"x":320.8220520019531,"y":806.722900390625,"z":465.91107177734377},"rotation":{"x":-0.13540038466453553,"y":-0.0018834426300600172,"z":0.0002718255273066461,"w":-0.9908506274223328},"size":1749.6956787109375,"orthographic":false}