{"cameraMode":{"drawMode":0,"name":"Shaded","section":"Shading Mode"},"sceneLighting":false,"audioPlay":false,"sceneViewState":{"m_AlwaysRefresh":false,"showFog":true,"showSkybox":false,"showFlares":true,"showImageEffects":true,"showParticleSystems":true,"showVisualEffectGraphs":true,"m_FxEnabled":true},"in2DMode":false,"pivot":{"x":634.4962158203125,"y":708.1298217773438,"z":11.923304557800293},"rotation":{"x":-0.014811281114816666,"y":-0.006903780624270439,"z":0.0001420183398295194,"w":-0.9999622702598572},"size":1320.0577392578125,"orthographic":false}