{"cameraMode":{"drawMode":0,"name":"Shaded","section":"Shading Mode"},"sceneLighting":false,"audioPlay":false,"sceneViewState":{"m_AlwaysRefresh":false,"showFog":true,"showSkybox":false,"showFlares":true,"showImageEffects":true,"showParticleSystems":true,"showVisualEffectGraphs":true,"m_FxEnabled":true},"in2DMode":false,"pivot":{"x":612.8782348632813,"y":690.2076416015625,"z":79.17620086669922},"rotation":{"x":-0.01080079935491085,"y":-0.03989240527153015,"z":0.0004403637140057981,"w":-0.9992070198059082},"size":1518.2696533203125,"orthographic":true}