{"cameraMode":{"drawMode":0,"name":"Shaded","section":"Shading Mode"},"sceneLighting":false,"audioPlay":false,"sceneViewState":{"m_AlwaysRefresh":false,"showFog":true,"showSkybox":false,"showFlares":true,"showImageEffects":true,"showParticleSystems":true,"showVisualEffectGraphs":true,"m_FxEnabled":true},"in2DMode":false,"pivot":{"x":326.98870849609377,"y":993.6414794921875,"z":108.62227630615235},"rotation":{"x":-0.01080079935491085,"y":-0.03989240527153015,"z":0.0004403637140057981,"w":-0.9992070198059082},"size":1104.7462158203125,"orthographic":true}